{
	"class_name" : "PinholeCameraParameters",
	"extrinsic" : 
	[
		0.99686976580595144,
		0.019142475577835563,
		0.076708771667519646,
		0.0,
		0.017921151674963217,
		-0.99970194852298411,
		0.0165784933571138,
		0.0,
		0.077003261909029924,
		-0.015151889258467815,
		-0.99691570250812511,
		0.0,
		-1.1364488573593703,
		1.1274846042659603,
		5.5064881105832804,
		1.0
	],
	"intrinsic" : 
	{
		"height" : 680,
		"intrinsic_matrix" : 
		[
			588.89727457341826,
			0.0,
			0.0,
			0.0,
			588.89727457341826,
			0.0,
			599.5,
			339.5,
			1.0
		],
		"width" : 1200
	},
	"version_major" : 1,
	"version_minor" : 0
}